T,Cv_cumul_N=1,chi_cumul_N=1,Cv_cumul_N=2,chi_cumul_N=2,Cv_cumul_N=3,chi_cumul_N=3,Cv_cumul_N=4,chi_cumul_N=4,Cv_cumul_N=5,chi_cumul_N=5,Cv_cumul_N=6,chi_cumul_N=6,Cv_cumul_N=7,chi_cumul_N=7
0.1,0.0,0.13107200000000008,0.0002741317156344654,0.13109027793682118,0.00031043882959991476,0.15578639375410197,0.0017100307139164864,0.15754705179281114,0.0021671958742537877,0.16515631035826575,0.0033262888760842275,0.16664049509589507,0.003689361242042596,0.16950924155278776
0.1331103678929766,0.0,0.09846866331658297,0.0018557180938252183,0.09863361002479029,0.00212227299429806,0.11718836947426163,0.005394304621158925,0.11914269948381653,0.00622288176749191,0.12489203912187312,0.008134487556782827,0.12651088656884457,0.008804915043242354,0.1287293841140617
0.1662207357859532,0.0,0.07885418108651915,0.005254866372593228,0.07944075399957111,0.0061057020384800015,0.09431087534499007,0.011121214690799538,0.0967273421817683,0.012562029357918883,0.10140658992678328,0.014991426309132208,0.10319908549751444,0.016047301832753873,0.1050748920488629
0.19933110367892978,0.0,0.06575591946308727,0.009683157425260635,0.0670682668798289,0.01148362587414464,0.07950505757697889,0.017745938656704877,0.08241491262876709,0.019927766089727742,0.08643989195426491,0.02269967521823249,0.08835925760750092,0.024142564143944657,0.09004640654327434
0.23244147157190637,0.0,0.05638924892086333,0.013976839136963626,0.05864308654000492,0.016974373755206138,0.06938533065644446,0.023984757784757733,0.07271147146295007,0.026904582807049725,0.07632640783589613,0.029918082113556357,0.07831874396994828,0.03169757825887675,0.07989857841580637
0.2655518394648829,0.0,0.049358347607052926,0.017336458290917182,0.052640656205070475,0.021609100145180887,0.06216802550224522,0.028996833230050676,0.06580446327300318,0.03255635964754359,0.06915846337669324,0.03575035540227825,0.07118334900864617,0.0377948586680173,0.07269886585813044
0.29866220735785953,0.0,0.04388636954087348,0.01947430726481806,0.04817268961746428,0.024945678187054968,0.05681402675417177,0.032470410203630166,0.06066239807726258,0.036526426949363026,0.06384681002377045,0.03985462917938933,0.06587810506566878,0.042091712120447954,0.06735158505680203
0.33177257525083614,0.0,0.039506580645161306,0.020464399198970373,0.04469951865096135,0.0269523924068918,0.052686177531012506,0.034467419826948016,0.05666759968316113,0.03887066732215502,0.059737731392656215,0.042290410606347126,0.06175971824911064,0.0446559795004061,0.06320237354456482
0.36488294314381275,0.0,0.03592165719523375,0.02054813881649048,0.04188776891335122,0.02781884435057822,0.049383948216412,0.03523461011111296,0.05343963478769408,0.03985130242277297,0.05642838209642131,0.043321100253274854,0.058431974502307235,0.04576183800448207,0.05984923499926031
0.39799331103678937,0.0,0.0329332168067227,0.019998573005062917,0.03952972628353048,0.027809658360765998,0.046651945470782656,0.03506867124448314,0.05073982389647394,0.03978865752390601,0.053666346932547064,0.04326944867196991,0.05564639939479365,0.04574239296573359,0.057040755051281505
0.43110367892976587,0.0,0.030403823118696677,0.01905304974828668,0.0374947246193657,0.027181818184050143,0.04432534217666177,0.0342445138079299,0.04841596600229345,0.038981838664232056,0.05129115256071783,0.04243885712542318,0.053244783296831445,0.04491011759487424,0.054617280540601276
0.4642140468227425,0.0,0.02823525072046111,0.0178920948566632,0.035699335774940194,0.026149758599791698,0.04229628401148132,0.03298759634912572,0.04636927781904359,0.03767771103809322,0.0491991246212004,0.041081727480055216,0.051124739109640806,0.04352510323555951,0.05247575399849041
0.4973244147157191,0.0,0.026355432414256905,0.016641601531190608,0.034089118326173486,0.024877644251509536,0.04049298601573585,0.03147004043386181,0.04453432343946218,0.03606604346775272,0.04732199499385547,0.03939376785593419,0.04921873848312801,0.04178947689564237,0.0505483687539807
0.5304347826086957,0.0,0.024710295081967225,0.01538355054211718,0.032627507270825015,0.02348408471747122,0.03886667658220719,0.02981700665662964,0.04286672626734286,0.03428599941967071,0.045613791451324916,0.03751984083659364,0.0474812473920646,0.03985339500517274,0.048789506279817985
0.5635451505016723,0.0,0.02325847359050446,0.014167841254395734,0.03128907719832521,0.022050966847546802,0.037383417651386225,0.028116076797636842,0.04133558850787082,0.03243602228479508,0.04404275436241059,0.03556347376059894,0.04588077848870878,0.03782469415006257,0.04716768634610901
0.5966555183946488,0.0,0.02196778475336324,0.01302233066305001,0.030055457599624916,0.02063246359109075,0.03601895586059022,0.026426361466256792,0.03991877411110584,0.030583517149974464,0.04258631580208876,0.03359638086542688,0.044394943387312945,0.035778545697211006,0.04566056708767574
0.6297658862876254,0.0,0.020812813595326617,0.011960413098184328,0.02891284561886232,0.01926270700282365,0.03475545937088766,0.024786151211103877,0.0385999434392601,0.028773026069344784,0.04122795204726743,0.03166661897942352,0.04300734422372635,0.03376573684118205,0.044251810287625995
0.662876254180602,0.0,0.019773223007063582,0.01098637712289318,0.027850478401670917,0.017961782092622197,0.033579431312269495,0.023218899449965177,0.03736666727037371,0.027032651544373683,0.039955188964176984,0.02980506926877209,0.04170559990541203,0.03181926940607178,0.04292909481098487
0.6959866220735786,0.0,0.018832545891398374,0.010099032236295382,0.0268596825970103,0.016740181499014482,0.03248036115676076,0.021737710684252554,0.03620921165065088,0.02537890184972505,0.03875832244381585,0.02803037635500331,0.04048007783331425,0.02995940555315677,0.041682842481953065
0.7290969899665551,0.0,0.01797730642201836,0.009294087628425013,0.02593327264418281,0.015602011834167547,0.031449842103052225,0.02034861892895847,0.035119743857001694,0.023820253990257088,0.03762958644119172,0.026352614972411186,0.039323068227347706,0.028197428804361574,0.04050539014811015
0.7622073578595318,0.0,0.017196370337867493,0.008565670714543713,0.02506516151687565,0.014547249818085327,0.03048098523548807,0.01905293801194673,0.03409180557101575,0.022359728597243323,0.036562604099698345,0.024775964500029255,0.03822823893028128,0.026538399950602344,0.03939044402722548
0.7953177257525084,0.0,0.016480457527333903,0.00790727019464713,0.024250102309414566,0.013573301832484888,0.029568024506743548,0.017848922116678375,0.03311995756203794,0.020996726669314424,0.03555201989611705,0.023300634638564355,0.037190269865009826,0.02498315132679672,0.03833271457486087
0.828428093645485,0.0,0.01582177149777958,0.007312302472611662,0.023483511540741075,0.012676065089289396,0.02870604573639836,0.01673292412392936,0.03219953578136116,0.019728325436459988,0.03459324889024547,0.021924237171404307,0.03620460386646705,0.023529715310089912,0.03732766810216877
0.8615384615384616,0.0,0.015213714285714292,0.006774436025660426,0.022761344381825158,0.011850638187961018,0.027890797154893513,0.01570019345667727,0.03132648074077081,0.018550183015357977,0.03368230265346876,0.020642753472759415,0.035267273788378434,0.02217433802187996,0.036371354789261075
0.8946488294314382,0.0,0.014650664672897202,0.006287762955971123,0.02208000356044032,0.011091788133900035,0.027118554252613798,0.01474541786983623,0.030497215733349653,0.017457162742907834,0.032815666044637884,0.019451209787277726,0.034374780219416555,0.020912191727930966,0.03546028730083684
0.9277591973244147,0.0,0.014127803893294887,0.005846875996496925,0.021436270637202135,0.010394249968864584,0.026386021295137705,0.013863084932006577,0.029708558060077012,0.016443758116646962,0.031990208154231974,0.018344142802473713,0.033524003214724825,0.019737869912300438,0.03459135335013021
0.9608695652173913,0.0,0.013640977375565619,0.005446888558196409,0.02082725254833151,0.009752912486221246,0.02569025796669095,0.013047717532801928,0.028957652890188788,0.015504376819213529,0.031203116533207075,0.017315915664196567,0.03271213720330738,0.018645726516010496,0.03376175134787422
0.9939799331103679,0.0,0.013186584118438769,0.005083421782234513,0.020250338876664473,0.00916292723245457,0.025028623513228192,0.012294022080209811,0.02824192288689731,0.014633525787804032,0.030451847528133277,0.016360927961293723,0.03193664191665177,0.017630104046721762,0.03296894197658297
1.0270903010033445,0.0,0.012761487463366987,0.00475257367980917,0.019703166895609532,0.008619766487878664,0.024398733283582153,0.011596976733598028,0.027559028998272905,0.01382592728317857,0.029734087935900443,0.01547375101026366,0.031195204565670986,0.016685482896171888,0.032210610921457224
1.0602006688963213,0.0,0.012362942586750792,0.004450879700594007,0.019183592418994165,0.008119247858286981,0.023798424215422366,0.010951878912797705,0.026906839295668103,0.013076587252950987,0.02904772474984352,0.014649210899596445,0.030485710046823898,0.015806575163031064,0.03148463954715125
1.0933110367892978,0.0,0.011988537167329463,0.004175270386913286,0.018689665114949718,0.007657537501161665,0.02322572689804837,0.010354365555212844,0.026283403720498814,0.012380831070933981,0.02839082079445237,0.013882435337147248,0.02980621698129446,0.014988379710658107,0.030789081334076672
1.1264214046822745,0.0,0.011636142517814729,0.003923029426573324,0.01821960734367251,0.007231140128350488,0.022678842565631765,0.009800415505820169,0.025686933252216267,0.011734317293338474,0.027761594726753148,0.013168875721165606,0.029154938070915543,0.014226210434992337,0.030122142567734805
1.159531772575251,0.0,0.011303873089126051,0.0036917539406133445,0.017771795841587612,0.00683688125146441,0.022156123859223182,0.009286340539243739,0.025115782449123724,0.011133036906930236,0.027158404338988425,0.012504312534457775,0.028530223710468094,0.013515706285898453,0.029482166229844196
1.1926421404682275,0.0,0.010990052720134608,0.003479317924655306,0.01734474574971779,0.00647188529894208,0.021656058524937145,0.008808769481763982,0.02456843461205016,0.010573303292586786,0.026579732406313953,0.01188484978025292,0.02793054810468873,0.012852829112976449,0.02886761834777475
1.2257525083612042,0.0,0.0106931863574352,0.0032838392033886486,0.016937096603668926,0.006133551977134654,0.02117725544172781,0.00836462847535053,0.024043489025914258,0.010051736529400647,0.026024174534601405,0.011306902474646392,0.027354497349373993,0.012233853628834234,0.028277076268830876
1.2588628762541807,0.0,0.010411936238044638,0.0031036499269322952,0.01654759998628663,0.005819532392375497,0.020718432529248064,0.007951119428237827,0.023539649876671072,0.009565244532383525,0.025490428609500123,0.010767179993623905,0.02680075908172801,0.011655352506194627,0.027709218470694616
1.2919732441471574,0.0,0.010145101734403316,0.002937270451263809,0.016175108604066294,0.005527705872190569,0.020278406196867667,0.007565698001236194,0.023055716541296213,0.009111002716987976,0.02497728554996309,0.01026266720532796,0.026268113406843707,0.011114178710223757,0.027162815620179987
1.325083612040134,0.0,0.009891602221100458,0.002783386348377562,0.015818566592628498,0.005256158035253834,0.019856082073836736,0.00720605199665257,0.022590575019769302,0.008686433320399074,0.024483621141579644,0.009790604701616155,0.025755424879032006,0.010607446513109126,0.026636722663475353
1.3581939799331104,0.0,0.009650462447672991,0.0026408282505157683,0.015477000890014147,0.005003160401696413,0.0194504468176991,0.006870080684257999,0.02214319032945903,0.008289185114581552,0.024008388776685582,0.009348469006079259,0.025261635368029972,0.010132512171286783,0.02612987178167426
1.3913043478260871,0.0,0.009420800000000003,0.0025085542244705876,0.01514951354246312,0.004767151666692908,0.019060560840025127,0.0065558753715739835,0.021712599719945005,0.007917113970711884,0.023550612965663832,0.008933953327547548,0.02478575767725582,0.009686954914220523,0.025641266081938854
1.4244147157190636,0.0,0.009201814510448466,0.002385634382482988,0.014835274827859807,0.004546720652402877,0.01868555181984197,0.006261701372349365,0.021297906594246217,0.007568264544160735,0.023109383511384172,0.008544949212100162,0.024326869808525213,0.009268558659349854,0.02516997392138204
1.4575250836120404,0.0,0.008992778338687474,0.0022712374568230375,0.014533517098597817,0.0043405908867099,0.01832460889886454,0.0059859814252268394,0.02089827504347939,0.007240853218869316,0.022683850259281678,0.008179529296419439,0.02388410978792019,0.008875294703380467,0.024715123780605676
1.4906354515050169,0.0,0.008793028494503032,0.002164619090269964,0.014243529259215976,0.00414760671825801,0.017976977470892747,0.0057272805485664375,0.02051292491808415,0.006933252362136632,0.022273218351146668,0.00783593126212308,0.02345667098282375,0.008505305525785111,0.024275899618793957
1.5237458193979934,0.0,0.008601959613696229,0.002065111621130934,0.013964651805474362,0.003966720856746191,0.017641954492013594,0.005484292276146845,0.020141127371276345,0.006643975882925038,0.021876743922686195,0.0075125430209044275,0.023043797851889102,0.00815688976194333,0.02385153665371651
1.55685618729097,0.0,0.008419017830290013,0.0019721151672390616,0.013696272361061652,0.003796983218941654,0.01731888424956884,0.005255826194223353,0.019782200820275524,0.006371666049838599,0.02149373019428884,0.007207889114186778,0.022644782078875852,0.007828488350536192,0.023441317518904263
1.5899665551839466,0.0,0.008243695414387887,0.0018850898375172578,0.013437821656210155,0.003637530960067579,0.017007154536955397,0.005040796687716852,0.01943550727876835,0.006115081502552782,0.02112352391186623,0.006920618281564115,0.022258959048539112,0.007518671825199211,0.02304456875730298
1.6230769230769233,0.0,0.008075526066350714,0.0018035489216899011,0.013188769899410015,0.003487579574164232,0.01670619318874705,0.004838212798312344,0.019100449020498258,0.005873086378141416,0.02076551210064075,0.006649492134553005,0.021885704628586647,0.007226128698691169,0.0226606576163596
1.6561872909698998,0.0,0.007914080775444268,0.0017270529284012966,0.012948623499362412,0.0033464149537305614,0.016415464936745217,0.0046471690972857615,0.01877646553915955,0.005644640468242387,0.02041911909965093,0.006393374862532961,0.021524432226472105,0.006949654875107884,0.022288989114099392
1.6892976588628765,0.0,0.007758964165511782,0.0016552043593838486,0.012716922099452948,0.0032133863071072914,0.016134468552667355,0.004466837479099773,0.01846303077417554,0.005428790322053448,0.02008380384880247,0.006151223893643914,0.02117459009371889,0.006688144019196769,0.021929003349552598
1.722408026755853,0.0,0.007609811262135926,0.0015876431225414255,0.012493235891486742,0.003087899840798726,0.015862734247473757,0.004296459786935308,0.01815965057564345,0.005224661212154643,0.019759057403693957,0.005922081433017303,0.020835658853753623,0.006440578809625624,0.021580173034068496
1.7555183946488295,0.0,0.007466284625642983,0.0015240425000593977,0.012277163179309037,0.0029694131226974656,0.015599821300976374,0.00413534118748484,0.017865860384873044,0.005031449883995131,0.01944440065632487,0.005705066802748416,0.02050714923200681,0.006206023003709481,0.021242001222742984
1.7886287625418062,0.0,0.00732807180254301,0.001464105599127147,0.012068328166322658,0.0028574300506343303,0.015345315898487727,0.003982844218941002,0.017581223109639044,0.004848418014783908,0.019139382242254338,0.005499369511561743,0.02018859996940989,0.005983614243598672,0.02091401922748411
1.8217391304347827,0.0,0.007194883054892604,0.0014075622227669598,0.011866378943876554,0.0027514963586279845,0.01509882915394792,0.0038383834427845893,0.017305327175589528,0.004674886312954672,0.018843576616900583,0.005304242986541983,0.019879575902463007,0.005772557537563116,0.020595784695220793
1.8548494983277595,0.0,0.007066449332852509,0.0013541661068006158,0.011670985660096101,0.0026511956005535165,0.014859995301287275,0.0037014206364641656,0.01703778473726888,0.004510229194976511,0.01855658228551204,0.005118998904162471,0.019579666194820967,0.005572119354280195,0.02028687983648052
1.887959866220736,0.0,0.006942520460584591,0.0013036924763308716,0.011481838851005106,0.002556145557646765,0.014628470037798883,0.0035714604702154957,0.016778230033972722,0.004353869981818635,0.018278020172948713,0.004943002062840452,0.019288482706894754,0.0053816222725945545,0.019986909791067424
1.9210702341137125,0.0,0.006822863509749307,0.0012559358814308343,0.011298647917793555,0.0024659950223118714,0.014403929005056918,0.003448046617010073,0.016526317877194992,0.004205276562699621,0.018007532120824923,0.0047756657441889545,0.01900565849132717,0.005200440133844799,0.019695501118894104
1.9541806020066892,0.0,0.006707261338353588,0.0012107082771623907,0.011121139735849779,0.002380420916127803,0.014186066394460718,0.003330758249908967,0.016281722257785097,0.004063957478769957,0.017744779500808588,0.0046164475148885034,0.01873084640340242,0.00502799364837688,0.0194123004051913
1.9872909698996657,0.0,0.006595511275664762,0.001167837317710449,0.01094905738273181,0.002299125704794193,0.013974593665842621,0.003219206885922078,0.016044135062132824,0.0039294583840431725,0.017489441933976082,0.0044648454255939085,0.018463717816513625,0.004863746412202105,0.019136972970355985
2.0204013377926424,0.0,0.0064874239364343675,0.0011271648384310585,0.010782158973626388,0.0022218350770634755,0.01376923836877538,0.0031130335398433322,0.01581326488776151,0.003801358845185848,0.01724121610709915,0.004320394567478488,0.01820396143375908,0.004707201293837747,0.01886920167562311
2.0535117056856187,0.0,0.006382822149837136,0.0010885455030623004,0.010620216594058707,0.0021482958585235692,0.013569743057274148,0.003011906155471017,0.01558883594965445,0.0036792694456991705,0.016999814677614335,0.0041826639508823855,0.017951282187580925,0.004557897155170702,0.01860868581656867
2.0866220735785954,0.0,0.006281539990383077,0.0010518455963175522,0.010463015320690848,0.0020782741344712976,0.01337586428952683,0.0029155172851572423,0.015370587069480721,0.0035628291635853592,0.016764965259803456,0.004051253674071392,0.01770540022011658,0.004415405873686707,0.018355140097194078
2.119732441471572,0.0,0.006183421899652889,0.001016941944640548,0.010310352321999438,0.0020115535590978966,0.013187371705120285,0.002823581991793274,0.01515827074063703,0.003451702994810359,0.016536409485411387,0.003925792353335655,0.017466049937606885,0.004279329636619782,0.018108293677999977
2.152842809364549,0.0,0.006088321889078765,0.0009837209501095151,0.010162036031468178,0.0019479338308373468,0.013004047172971725,0.0027358359501602615,0.01495165226269317,0.0033455797977716244,0.016313902132552318,0.0038059347885796508,0.017232979132813644,0.004149298480498883,0.0178678892920557
2.185953177257525,0.0,0.005996102815177482,0.0009520777243841493,0.010017885386681547,0.001887229316045921,0.012825684003835977,0.002652033727089992,0.014750508939429873,0.0032441703365820905,0.016097210317317687,0.0036913598411940206,0.01700594816994479,0.004024968052225447,0.017633682423606273
2.219063545150502,0.0,0.005906635719668427,0.0009219153112373187,0.009877729128373449,0.0018292678052232514,0.012652086221849523,0.002571947222118185,0.01455462933519668,0.0031472055033132523,0.015886112743003798,0.0035817685033777144,0.01678472922707685,0.0039060175702114778,0.017405440544241403
2.2521739130434786,0.0,0.00581979922779923,0.0008931439876399489,0.00974140515407877,0.0017738893877839756,0.012483067890100067,0.0024953642523022055,0.014363812584801561,0.003054434701426728,0.015680399002332576,0.0034768821402160906,0.01656910559150794,0.0037921479662764777,0.017182942402089358
2.285284280936455,0.0,0.0057354789989755624,0.0008656806346039284,0.009608759921565402,0.0017209454329736207,0.012318452485682892,0.002422087266642439,0.01417786775257953,0.002965624374488154,0.015479868928449127,0.0033764408877390894,0.016358871003875647,0.003683080190947775,0.01696597735989046
2.3183946488294316,0.0,0.005653567224466246,0.0008394481700608087,0.00947964789769671,0.001670297665918695,0.012158072320128896,0.002351932177116144,0.013996613236679386,0.002880556665922226,0.015284331990850636,0.0032802021919031447,0.0161538290472352,0.0035785536665628535,0.016754344778165824
2.3515050167224083,0.0,0.005573962167543738,0.0008143750369864592,0.009353931048796489,0.0016218173290317177,0.0120017680014695,0.002284727294726254,0.013819876214961287,0.0027990281970534025,0.015093606732736246,0.0031879394749807625,0.01595379257762221,0.003478324874144836,0.016547853440016646
2.384615384615385,0.0,0.005496567741935485,0.0007903947407931386,0.009231478368965658,0.001575384420077334,0.011849387934545173,0.0022203123602050814,0.013647492129216543,0.0027208489520022376,0.014907520246570615,0.0030994409172198927,0.015758583192920658,0.0033821660614338734,0.016346321014386447
2.4177257525083613,0.0,0.0054212931249135446,0.000767445430717409,0.009112165443137794,0.0015308869991634633,0.011700787856471967,0.0021585376601119307,0.013479304204709391,0.002645841259189621,0.01472590768492868,0.0030145083428690204,0.015568030737126124,0.0032898640607237806,0.016149573554882665
2.450836120401338,0.0,0.005348052401746727,0.000745469520549156,0.00899587404196309,0.0014882205577671005,0.011555830404457108,0.002099263220039948,0.01331516300230069,0.0025738388602556603,0.014548611803938,0.002932956200766803,0.015381972837338692,0.0032012192062872455,0.015957445031496813
2.4839464882943147,0.0,0.005276764238588934,0.0007244133445859799,0.008882491745881875,0.0014472874436517124,0.011414384713404573,0.0020423580675151846,0.013154926000649592,0.002504686058140852,0.01437548253686132,0.0028546106306822795,0.015200254471042462,0.0031160443421903643,0.015769776892783673
2.517056856187291,0.0,0.005207351581185227,0.0007042268451687908,0.0087719115959925,0.0014079963361939667,0.011276326040976729,0.0019876995579422943,0.012998457206202574,0.0024382369369165247,0.01420637659556665,0.0027793086074743793,0.015022727561429784,0.003034163912208209,0.015586417656257139
2.5501672240802677,0.0,0.005139741377049182,0.0006848632885676573,0.008664031769537449,0.001370261767222428,0.011141535417981765,0.001935172757637618,0.012845626788873063,0.0023743546467009393,0.014041157097819248,0.0027068971559293968,0.014849250598712619,0.0029554131243704753,0.01540722252494651
2.5832775919732445,0.0,0.005073864319005699,0.0006662790063494585,0.0085587552780287,0.0013340036829889216,0.011009899322140778,0.0018846698786012756,0.012696310741490588,0.002312910747666663,0.013879693218499283,0.0026372326298421565,0.014679688285530472,0.002879637183397807,0.015232053028220723
2.6163879598662207,0.0,0.0050096546082065724,0.000648433159677396,0.008455989686210847,0.0012991470433525855,0.010881309373454929,0.001836089760224047,0.012550390561258118,0.0022537846077425976,0.013721859863003324,0.0025701800495395552,0.014513911204717038,0.002806690584946766,0.015060776685140156
2.6494983277591975,0.0,0.004947049734915427,0.0006312875242725975,0.008355646850220541,0.0012656214546642483,0.010755662049544179,0.0017893373936098652,0.012407752951601275,0.002196862849148613,0.013567537361228822,0.002505612492612115,0.014351795507826363,0.0027364364661693562,0.014893266688734386
2.682608695652174,0.0,0.0048859902755267436,0.0006148062940148745,0.008257642673445252,0.0012333608332008204,0.010632858419465912,0.0017443234846274067,0.01226828954292527,0.002142038839378748,0.01341661118066874,0.0024434105331274498,0.014193222622946616,0.0026687460076226673,0.01472940160973004
2.715719063545151,0.0,0.0048264197044335,0.0005989559013773955,0.008161896878714879,0.001202303096321261,0.010512803894646252,0.001700964052190468,0.012131896630915658,0.0020892122226768583,0.013268971657260886,0.0023834617250549917,0.014038078980445363,0.0026034978820374563,0.014569065118369043
2.748829431438127,0.0,0.004768284219491424,0.000583704853082328,0.008068332795577577,0.0011723898788021595,0.010395407995669516,0.0016591800586119004,0.011998474931128397,0.00203828848843182,0.013124513742743059,0.002325660126040245,0.013886255755396116,0.002540577745882098,0.014412145723062722
2.781939799331104,0.0,0.004711532579947104,0.0005690235795345397,0.007976877161518113,0.0011435662720661339,0.010280584133774208,0.0016188970691843828,0.011867929348714933,0.001989178573262866,0.012983136767363226,0.0022699058580336884,0.013737648625532924,0.0024798777700396645,0.014258536524723796
2.8150501672240806,0.0,0.004656115955803732,0.0005548842967410292,0.00788745993607362,0.0011157805842437608,0.01016824940599714,0.0015800449384173736,0.011740168762218884,0.0019417984938737416,0.012844744216882717,0.002216104701609188,0.013592157543668291,0.002421296206262355,0.014108134985707196
2.848160535117057,0.0,0.004601987787693755,0.0005412608795572392,0.007800014126889459,0.0010889841192128456,0.010058324402992579,0.001542557520606873,0.011615105820464473,0.0018960690080308247,0.01270924352289279,0.002164167721103101,0.013449686523591332,0.002364736986375912,0.013960842712371446
2.8812709030100336,0.0,0.004549103656413234,0.0005281287452199096,0.0077144756268373825,0.0010631309729402234,0.009950733028630704,0.001506372402636191,0.01149265675163284,0.001851915301268778,0.012576545865539274,0.002114010917971684,0.013310143438536837,0.002310109351486438,0.013816565250346786
2.9143812709030104,0.0,0.004497421161349554,0.0005154647462314427,0.007630783061390612,0.0010381778456135505,0.009845402330550637,0.0014714306571048097,0.01137274118369209,0.001809266697150562,0.012446565987818785,0.0020655549100046895,0.013173439831385074,0.0022573275086939177,0.013675211891665097
2.9474916387959866,0.0,0.004446899807103145,0.0005032470717544582,0.007548877645516044,0.0010140838681957209,0.009742262340907705,0.0014376766140608527,0.011255281975410598,0.0017680563891094654,0.012319222020672902,0.0020187246342487208,0.01303949073581397,0.0022063103130427067,0.01353669549296798
2.9806020066889634,0.0,0.00439750089766607,0.0004914551567587131,0.0074687030494037685,0.0009908104421646913,0.00964124592661383,0.0014050576497731794,0.011140205057241606,0.0017282211920817173,0.012194435318164342,0.001973449071689226,0.012908214507683372,0.002156980972644535,0.013400932304068199
3.01371237458194,0.0,0.004349187437576297,0.000480069598237012,0.007390205272408449,0.0009683210913181504,0.009542288648423842,0.0013735239911233305,0.011027439281420609,0.001689701312301125,0.012072130302072229,0.001929660991915523,0.012779532665983926,0.0021092667750940543,0.013267841806192717
3.046822742474917,0.0,0.004301924039517016,0.00046907207787323007,0.007313332524626845,0.0009465813246272341,0.009445328628269896,0.0013430285343274612,0.010916916280666128,0.0016524401337741467,0.011952234315292057,0.0018872967161520674,0.012653369742731308,0.0020630988334638185,0.01313734655928263
3.079933110367893,0.0,0.004255676837875993,0.0004584452906050031,0.007238035115581033,0.0009255585092175984,0.009350306424291526,0.0013135266768154017,0.010808570334919563,0.0016163840200863996,0.011834677483470899,0.001846295897182483,0.012529653141231868,0.002018411850317149,0.01300937205777219
3.11304347826087,0.0,0.0042104134078212304,0.00044817287857683785,0.007164265349518294,0.0009052217526408111,0.00925716491305028,0.0012849761611994771,0.010702338245601321,0.001581482130311373,0.011719392584349538,0.0018066013148225965,0.012408313002186488,0.001975143898312543,0.012883846594309264
3.1461538461538465,0.0,0.004166102689486554,0.0004382393700270481,0.007091977426876417,0.0008855417936752258,0.009165849178455913,0.0012573369303609592,0.010598159216898296,0.0015476862479003647,0.011606314924320937,0.0017681586857160158,0.012289282077137554,0.0019332362160988511,0.012760701130917597
3.179264214046823,0.0,0.0041227149168945945,0.0004286301226946622,0.007021127351497701,0.0008664909009641467,0.009076306406966106,0.0012305709927679825,0.010495974743632959,0.0015149506215305587,0.011495382221749588,0.0017309164863319427,0.012172495608798874,0.0018926330183109015,0.012639869177137018
3.2123745819397995,0.0,0.004080221551275379,0.0004193312713708258,0.006951672843206712,0.0008480427788610278,0.008988485788653664,0.0012046422972165356,0.010395728505296478,0.0014832318169768388,0.011386534496628353,0.0016948257881412984,0.012057891217840688,0.0018532813185776604,0.012521286674709095
3.2454849498327762,0.0,0.004038595218466614,0.0004103296792537143,0.0068835732553957,0.0008301724799073353,0.008902338423764729,0.001179516616256449,0.010297366265857965,0.0014524885791532486,0.011279713966179048,0.0016598401040344038,0.011945408795731569,0.001815130764547281,0.01240489188840709
3.278595317725753,0.0,0.003997809650107111,0.00040161289279699023,0.006816789497288223,0.0008128563234191901,0.008817817234418521,0.0011551614376279849,0.010200835778989276,0.0014226817035427998,0.011174864946030484,0.0016259152451227762,0.01183499040326657,0.0017781334840167079,0.012290625302634995
3.3117056856187292,0.0,0.003957839628357909,0.00039316909976980154,0.006751283960575949,0.0007960718197045833,0.008734876881124306,0.001131545863092348,0.010106086698370216,0.0013937739163004483,0.011071933756632958,0.001593009187139584,0.011726580174436538,0.0017422439413302506,0.012178429523447607
3.344816053511706,0.0,0.003918660933906611,0.00038498709027148955,0.006687020450145867,0.0007797975994742674,0.008653473683813988,0.0011086405140917734,0.010013070492761901,0.0013657297623740476,0.01097086863459149,0.0015610819457185544,0.011620124225316407,0.0017074188032800218,0.012068249185665611
3.3779264214046827,0.0,0.0038802502970297047,0.0003770562204669273,0.00662396411863584,0.0007640133480468774,0.008573565547110184,0.001086417443722352,0.009921740365557964,0.0013385155010426407,0.010871619648621723,0.0015300954598908157,0.011515570567672957,0.001673616813804881,0.01196003086478323
3.411036789297659,0.0,0.0038425853515050507,0.0003693663788289242,0.006562081404575252,0.0007486997439827465,0.008495111889569024,0.001064850054545891,0.009832051178542836,0.0013120990083210083,0.01077413861985252,0.0015000134831931562,0.011412869027011633,0.0016407986768414398,0.011853722993384516
3.4441471571906357,0.0,0.003805644591182755,0.00036190795469270924,0.00650133997388491,0.0007338384018117021,0.008418073576655008,0.0010439130218063619,0.009743959379604844,0.0012864496857246022,0.010678379046217448,0.0014708014818305762,0.011311971164801425,0.0016089269467329807,0.011749275781804458
3.4772575250836124,0.0,0.0037694073290372235,0.0003546718089442962,0.0064417086645264365,0.0007194118185480677,0.008342412857221895,0.0010235822216521462,0.009657422934168816,0.0012615383749300527,0.010584296030694936,0.0014424265393809415,0.011212830204633427,0.0015779659256502825,0.011646641142787682
3.5103678929765887,0.0,0.003733853658536587,0.00034764924667974977,0.00638315743410606,0.0007054033237115161,0.008268093303289004,0.0010038346639978015,0.009572401260128632,0.0012373372779039397,0.010491846213172295,0.0014148572675705688,0.011115400962085355,0.0015478815675212753,0.01154577261991403
3.5434782608695654,0.0,0.003698964417177916,0.0003408319916861689,0.006325657310251405,0.0006917970325955391,0.008195079752916536,0.0009846484296886706,0.009488855166074677,0.0012138198821067037,0.010400987705723891,0.0013880637226870074,0.011019639778078526,0.00151864138800661,0.011446625319574844
3.576588628762542,0.0,0.0036647211520478788,0.00033421216260771366,0.006269180343592371,0.0006785778025463298,0.00812333825599668,0.0009660026116586531,0.009406746792624696,0.001190960890409793,0.010311680031107037,0.0013620173272294886,0.010925504455527852,0.0014902143800945755,0.011349155846298331
3.609698996655519,0.0,0.0036311060872787934,0.00032778225067137633,0.006213699563188839,0.0006657311920340522,0.008052836022789485,0.0009478772597960952,0.009326039556679058,0.0011687361553926157,0.01022388406429233,0.0013366907964287764,0.01083295419909834,0.0014625709349216439,0.011253322241234612
3.642809364548495,0.0,0.0035981020932794724,0.00032153509885751605,0.006159188934258592,0.0006532434223159348,0.007983541375043712,0.0009302533292552412,0.009246698098432975,0.0011471226177119543,0.01013756197685628,0.0013120580692967036,0.010741949557893241,0.0014356827674558944,0.011159083923623449
3.675919732441472,0.0,0.003565692657628971,0.0003154638824095909,0.006105623318068803,0.0006411013415065902,0.00791542369955344,0.0009131126319712675,0.009168688230989108,0.0011260982482603312,0.010052677184075666,0.0012880942438919336,0.010652452370909915,0.0014095228467078268,0.011066401635078594
3.7090301003344486,0.0,0.0035338618575293072,0.0003095620905860623,0.006052978433863548,0.0006292923908854956,0.007848453404010818,0.0008964377911556925,0.00909197689242394,0.0011056419938516142,0.009969194294572728,0.001264775516512389,0.01056442571511034,0.0013840653301591822,0.010975237386533408
3.742140468227425,0.0,0.00350259433372062,0.00030382350956525685,0.006001230822708314,0.0006178045732849023,0.007782601875024408,0.0008802121985661933,0.009016532100170572,0.0010857337261921665,0.009887079062370036,0.0012420791245468248,0.01047783385596206,0.0013592855021233093,0.010885554407701488
3.7752508361204016,0.0,0.0034718752657689595,0.00029824220642107023,0.005950357813140303,0.000606626423413578,0.007717841438180918,0.0008644199743605805,0.008942322907589305,0.0010663541939141393,0.009806298341222488,0.0012199832927380797,0.01039264220031459,0.001335159715772323,0.010797317098915613
3.8083612040133783,0.0,0.0034416903486431906,0.0002928125140938959,0.005900337488520622,0.0005957469799829429,0.007654145320035897,0.000849045929359152,0.00886931936260537,0.0010474849774643263,0.009726820041102306,0.0011984671826291953,0.010308817251484881,0.0013116653385860091,0.010710490985216476
3.8414715719063546,0.0,0.0034120257705032232,0.0002875290172870833,0.0058511486559911854,0.0005851557595123404,0.0075914876119261634,0.0008340755295528723,0.008797492468300675,0.0010291084466574165,0.009648613086720208,0.0011775108449804063,0.010226326566432485,0.001288780700995467,0.010625042672570095
3.8745819397993313,0.0,0.0033828681916271055,0.00028238653922464755,0.005802770816945435,0.0005748427316995277,0.0075298432355034774,0.0008194948627069672,0.008726814145353408,0.001011207720716639,0.009571647377973416,0.0011570951749607663,0.010145138714912922,0.0012664850480112698,0.010540939806101195
3.907692307692308,0.0,0.0033542047244094503,0.0002773801292109167,0.005755184138927792,0.0005647982962510497,0.0074691879098952585,0.0008052906069207088,0.008657257196225853,0.0009937666306378322,0.009495893752217474,0.0011372018699323985,0.010065223240504182,0.0012447584936409498,0.010458151030235011
3.9408026755852847,0.0,0.003326022914368159,0.0002725050509373249,0.00570836942888211,0.000555013261074998,0.007409498120403813,0.0007914500010143767,0.008588795271006745,0.0009767696837249095,0.00942132394826522,0.001117813389658671,0.009986550623407503,0.001223581977915185,0.01037664595064792
3.973913043478261,0.0,0.0032983107221006575,0.0002677567714857332,0.0056623081076745164,0.0005454788217459061,0.007350751088661184,0.0007779608166238464,0.008521402834820278,0.000960202030155742,0.009347910572021978,0.0010989129187797177,0.009909092244929672,0.0012029372263544845,0.010296395097932348
4.007023411371238,0.0,0.0032710565061347145,0.00026313095098145605,0.005616982185820589,0.0005361865421581376,0.007292924744161583,0.0007648113318919046,0.008455055136719021,0.0009440494314475973,0.009275627063671375,0.0010804843314098863,0.009832820353559308,0.0011828067117206922,0.010217369892886805
4.040133779264214,0.0,0.0032442490066225183,0.0002586234328526751,0.005572374240351225,0.000527128336290243,0.00723599769709818,0.0007519903066533784,0.008389728179982984,0.0009282982307006226,0.009204447666331397,0.0010625121577220796,0.009757708032554943,0.001163173617908223,0.010139542613348075
4.07324414715719,0.0,0.003217877329830037,0.0002542302346561299,0.005528467392755584,0.0005182964510083607,0.007179949212435419,0.0007394869590185241,0.008325398693751656,0.0009129353245064853,0.00913434739610473,0.0010449815523934963,0.00968372916896727,0.0011440218058402863,0.010062886362485968
4.1063545150501675,0.0,0.003191930933376773,0.0002499475394319209,0.005485245287943268,0.0005096834498419158,0.007124759185152081,0.0007272909432659053,0.008262044105920152,0.0008979481364172227,0.009065302013452157,0.001027878264795958,0.009610858424022746,0.0011253357812449811,0.009987375038487196
4.139464882943144,0.0,0.003166399612183891,0.0002457716875529743,0.005442692074171378,0.0005012821976696187,0.007070408116594186,0.0007153923289622211,0.008199642517234554,0.0008833245918766725,0.008997287995821569,0.0010111886108222165,0.009539071204799302,0.0011071006641943043,0.0099129833055577
4.17257525083612,0.0,0.003141273485091377,0.00024169916903720785,0.005400792383885383,0.0004930858462581592,0.007016877091880367,0.0007037815812323407,0.008138172676525373,0.000869053094523658,0.008930282511469361,0.000994899446247175,0.009468343637129737,0.0010893021602976854,0.009839686566177841
4.205685618729097,0.0,0.003116542982107357,0.00023772661629273606,0.005359531315425818,0.00048508782060004466,0.006964147758305755,0.0006924495421081127,0.008077613957021498,0.0008551225037823267,0.008864263394414242,0.0009789981415297072,0.009398652539671211,0.0010719265334487708,0.009767460934547847
4.2387959866220735,0.0,0.003092198832255012,0.0002338507972685657,0.005318894415555619,0.0004772818060007537,0.0069122023046934745,0.0006813874128894435,0.008017946333690356,0.0008415221136608604,0.008799209120467116,0.0009634725579674088,0.0093299753990831,0.0010549605800309913,0.009696283211165004
4.27190635451505,0.0,0.0030682320519846568,0.00023006860898517841,0.005278867662765621,0.00046966173586883664,0.006861023441645814,0.00067058673745569,0.007959150361553022,0.0008282416326850933,0.00873509878428384,0.0009483110251223185,0.009262290346258787,0.00103839160449412,0.009626130858476745
4.305016722408027,0.0,0.003044633934120573,0.00022637707142120176,0.0052394374513182,0.0004622217801657795,0.006810594382649867,0.000660039386469624,0.00790120715492594,0.0008152711648985493,0.008671912077390402,0.0009335023194413311,0.009195576133559716,0.0010222073962196053,0.009556981977557555
4.338127090301003,0.0,0.0030213960373140095,0.00022277332173402153,0.005200590575991385,0.0004549563344753934,0.006760898825995005,0.0006497375424201179,0.007844098367543613,0.000802601191865004,0.008609629267133255,0.0009190356439999831,0.009129812113002993,0.0010063962075979663,0.009488815285759566
4.3712374581939795,0.0,0.0029985101759755182,0.00021925460879372325,0.0051623142174879195,0.00044786000965521723,0.006711920937461945,0.0006396736854533077,0.007787806173519197,0.000790222555613898,0.008548231176509755,0.0009049006093030797,0.009064978215356723,0.0009909467332468317,0.00942161009529071
4.404347826086957,0.0,0.002975968410661403,0.00021581828801116735,0.005124595928475813,0.00044092762203495125,0.00666364533374542,0.0006298405799453376,0.007732313249102205,0.0007781264424729005,0.008487699164836352,0.0008910872150799668,0.009001054930099244,0.0009758480903025589,0.0093553462926754
4.437458193979933,0.0,0.0029537630388905656,0.0002124618164423089,0.0050874236202288325,0.0004341541841292705,0.0066160570665746215,0.0006202312617728859,0.007677602755194923,0.000766304367735563,0.008428015109214477,0.0008775858330163728,0.008938023286201387,0.0009610897997230008,0.00929000431905627
4.470568561872909,0.0,0.002931886586369419,0.0002091827481520825,0.005050785549837107,0.0004275348958345329,0.006569141607497449,0.0006108390262405403,0.0076236583205910625,0.0007547481611153905,0.008369161386756073,0.0008643871903684193,0.008875864833692675,0.0009466617685428676,0.009225565151297124
4.503678929765886,0.0,0.0029103317986038926,0.00020597872982229757,0.0050146703079597885,0.00042106513608091106,0.006522884833296636,0.0006016574166267691,0.00757046402590232,0.000743449952940818,0.008311120857532968,0.000851482354407993,0.008814561625974559,0.000932554273026875,0.009162010283849473
4.536789297658863,0.0,0.0028890916328787337,0.00020284749658902297,0.004979066807093205,0.0004147404549133348,0.006477273012007387,0.0005926802133127055,0.007518004388140208,0.0007324021610485125,0.008253876848216051,0.0008388627176518925,0.008754096202845923,0.0009187579426696124,0.009099321711347303
4.569899665551839,0.0,0.002868159250585482,0.0001997868680959021,0.004943964270329431,0.000408556565976359,0.006432292789507937,0.000583901423460254,0.007466264345922377,0.0007215974783351044,0.008197413136372046,0.0008265199838301477,0.008694451574207536,0.00090526374499394,0.009037481911896008
4.603010033444816,0.0,0.002847528009881568,0.0001967947447507345,0.004909352220581605,0.00040250933937968414,0.006387931176655913,0.0005753152712081842,0.007415229245274236,0.0007110288609300382,0.008141713935387474,0.0008144461545518169,0.008635611204414539,0.0008920629711030528,0.008976473831023905
4.636120401337792,0.0,0.002827191458663975,0.00019386910417348277,0.004875220470253585,0.0003965947949225419,0.006344175536944856,0.0005669161883568524,0.007364884825998227,0.0007006895169545351,0.008086763879990837,0.0008026335166290759,0.008577558997246756,0.0008791472219439501,0.00891628086626587
4.6692307692307695,0.0,0.0028071433278418463,0.0001910079978246338,0.004841559111332766,0.0003908090956565469,0.006301013574656605,0.0005586988055140397,0.007315217208584549,0.0006905728958338771,0.00803254801234565,0.0007910746300229493,0.008520279281469067,0.0008665083952429436,0.008856886852350379
4.702341137123746,0.0,0.0027873775248933156,0.0001882095478035579,0.004808358505886038,0.00038514854176791073,0.0062584333234865655,0.0005506579436761303,0.007266212881638541,0.0006806726781322547,0.007979051768688381,0.0007797623163762522,0.008463756796954887,0.0008541386730758219,0.00879827604696262
4.735451505016722,0.0,0.002767888127692635,0.0001854719438071647,0.004775609276939892,0.00037960956476110186,0.006216423135620031,0.0005427886062204383,0.007217858689801143,0.0006709827658813204,0.00792626096648664,0.0007686896481014389,0.00840797668134763,0.0008420305100381595,0.008740433117058053
4.768561872909699,0.0,0.0027486693785944744,0.00018279344023978364,0.004743302299726767,0.00037418872192717143,0.006174971671238932,0.0005350859712860064,0.007170141822140143,0.0006614972733753699,0.007874161792094228,0.0007578499379930275,0.008352924457235854,0.0008301766219828213,0.00868334312570177
4.8016722408026755,0.0,0.002729715678762974,0.00018017235346575426,0.004711428693280596,0.0003688826910809862,0.006134067888439391,0.0005275453845215741,0.007123049800991,0.0006522105184077092,0.007822740788880886,0.0007472367293361546,0.008298586019819332,0.0008185699752940688,0.008626991519410099
4.834782608695652,0.0,0.0027110215827338144,0.00017760705919675696,0.004679979812365465,0.00036368826555259215,0.006093701033541531,0.0005201623521807185,0.00707657047122717,0.0006431170139243213,0.007771984845815655,0.0007368437864844364,0.008244947625044607,0.0008072037766693726,0.00857136411597278
4.867892976588629,0.0,0.002692581793198215,0.00017509599000640444,0.004648947239722107,0.000358602349418833,0.006053860631773888,0.0005129325345453882,0.007030691989940801,0.0006342114600723798,0.0077218811864838395,0.0007266650858820299,0.008191995878188902,0.0007960714633817602,0.008516447092734315
4.901003344481605,0.0,0.0026743911559983635,0.00017263763296507993,0.004618322778617782,0.00035362195296219167,0.006014536478315702,0.0005058517396601735,0.0069854028165157196,0.0006254887366225045,0.007672417358518555,0.0007166948075062154,0.008139717722873297,0.0007851666939972031,0.008462226975314412
4.9341137123745815,0.0,0.0026564446553243425,0.00017023052738843569,0.00458809844568577,0.00034874418834460603,0.005975718629681205,0.0004989159173607119,0.006940691703075447,0.0006169438957448996,0.007623581223428801,0.000706927326708252,0.008088100430486349,0.0007744833395230128,0.008408690626749189
4.967224080267559,0.0,0.0026387374091031523,0.00016787326269337047,0.004558266464041503,0.0003439662654847521,0.005937397395430799,0.000492121153580623,0.006896547685289897,0.0006085721551206948,0.007575360946806881,0.0006973572064315299,0.008037131590000362,0.0007640154749645972,0.008355825237034108
5.000334448160535,0.0,0.0026212646645709333,0.00016556447635567896,0.004528819256662948,0.00033928548812796924,0.0058995633301948125,0.00048546366492228346,0.006852960073525187,0.0006003688913709206,0.007527744988898794,0.0006879791897873528,0.00798679909816359,0.0007537573712693669,0.00830361831305202
5.033444816053511,0.0,0.002604021794019935,0.0001633028519639113,0.004499749440023503,0.00033469925009864095,0.005862207225996193,0.0004789397934776075,0.00680991844432177,0.0005923296337865362,0.007480722095522115,0.0006787881929697349,0.007937091150052365,0.0007437034876376224,0.00825205766887002
5.066555183946488,0.0,0.0025870042907122593,0.00016108711736431572,0.0044710498179662845,0.0003302050317254534,0.005825320104859193,0.0004725460018858257,0.006767412632186826,0.0005844500583439415,0.007434281289316525,0.0006697792984917051,0.007887996229967843,0.0007338484641816369,0.008201131416389102
5.099665551839465,0.0,0.0025702077649527822,0.00015891604289203446,0.004442713375809201,0.00032580039643050355,0.00578889321169174,0.0004662788686159852,0.006725432721687504,0.0005767259819912542,0.00738841186131296,0.0006609477487266767,0.007839503102662767,0.0007241871149150083,0.008150827956332193
5.132775919732441,0.0,0.0025536279403140694,0.00015678843968401298,0.0044147332746707554,0.00032148298747376145,0.005752918007429748,0.0004601350834626208,0.0066839690398322665,0.0005691533571915155,0.0073431033628078984,0.0006522889397392642,0.007791600804884601,0.0007147144210555978,0.0081011359695561
5.165886287625418,0.0,0.0025372606500064757,0.00015470315806934677,0.00438710284600702,0.0003172505248448773,0.005717386162432258,0.000454111443243695,0.006643012148728234,0.0005617282667097419,0.0072983455975301256,0.0006437984153909197,0.007744278637221734,0.000705425524626065,0.008052044408674281
5.198996655518394,0.0,0.0025211018333869423,0.0001526590860330417,0.004359815586350686,0.0003131008022947885,0.00568228955011678,0.0004482048476905371,0.006602552838502934,0.0005544469186315157,0.007254128614087741,0.0006354718617065353,0.0076975261562402236,0.0006963157223371777,0.00800354248997711
5.232107023411371,0.0,0.0025051475326003593,0.0001506551477493939,0.004332865152243534,0.00030903168450000705,0.005647620240824732,0.00044241229552007943,0.006562582120479486,0.0005473056416014655,0.007210442698683821,0.0006273051014889313,0.007651333166899152,0.0006873804597396483,0.007955619685637993
5.265217391304348,0.0,0.0024893938893476475,0.0001486903021814162,0.004306245355354097,0.00030504110435287436,0.005613370495907351,0.000436730880680247,0.0065230912205946935,0.0005403008802706663,0.0071672783680897505,0.0006192940891689102,0.007605689715233098,0.0006786153256312512,0.007908265716193116
5.298327759197324,0.0,0.0024738371417750296,0.00014676354174294294,0.004279950157772696,0.00030112706037145295,0.005579532762022943,0.00043115778875986145,0.006484071573050087,0.0005334291909425876,0.007124626362865617,0.0006114349058792133,0.007560586081291025,0.0006700160467065691,0.007861470543284146
5.331438127090301,0.0,0.0024584736214792054,0.0001448738910202332,0.004253973667476361,0.0002972876142230684,0.005546099665636686,0.00042569029355489854,0.006445514814186345,0.0005266872374077878,0.007082477640817675,0.0006037237547413695,0.007516012772320975,0.0006615784824375165,0.007815224362652922
5.364548494983278,0.0,0.0024432997506234426,0.00014302040555007716,0.004228310133956574,0.0002935208883558621,0.005513064007714722,0.0004203257537833962,0.006407412776572061,0.0005200717869581002,0.0070408233706832826,0.0005961569563550246,0.007471960516190855,0.000653298620173299,0.007769517597378337
5.397658862876254,0.0,0.0024283120391598006,0.00014120217065157408,0.004202953944003027,0.0002898250637330156,0.005480418758604535,0.00041506160994172597,0.006369757483298098,0.0005135797065715549,0.006999654926034151,0.0005887309444799134,0.00742842025503581,0.000645172570449211,0.00772434089134539
5.430769230769231,0.0,0.002413507082152976,0.00013941830030891246,0.004177899617636991,0.00028619837766461035,0.005448157053094113,0.00040989538129534373,0.006332541142469364,0.0005072079592597636,0.006958963879389226,0.000581442261901154,0.007385383139123094,0.0006371965624942722,0.007679685102937578
5.463879598662207,0.0,0.002398881557201446,0.00013766793610262723,0.004153141804188109,0.0002826391217323553,0.005416272185642619,0.000404824662997507,0.006295756141886014,0.0005009536005699352,0.006918741996528778,0.000574287556469072,0.007342840520925907,0.0006293669399279837,0.007635541298943365
5.496989966555184,0.0,0.0023844322219518147,0.00013595024618695228,0.004128675278508799,0.0002791456398026798,0.005384757605775721,0.00039984712332979705,0.006259395043906625,0.0004948137752341084,0.006878981231001889,0.0005672635773052152,0.007300783949398015,0.0006216801566374247,0.007591900748668848
5.530100334448161,0.0,0.00237015591170245,0.00013426442431101307,0.004104494937320629,0.00027571632612392747,0.005353606913638954,0.000394960501058616,0.0062234505804860535,0.0004887857139585945,0.006839673718819553,0.0005603671711666399,0.0072592051644410575,0.0006141327728259088,0.0075487549182478774
5.563210702341137,0.0,0.0023560495370927026,0.000132609688881732,0.004080595795687392,0.0002723496235036225,0.0053228138557029165,0.00039016260290214113,0.006187915648381215,0.00048286673034698524,0.006800811773326313,0.0005535952789610404,0.007218096091557386,0.0006067214512253267,0.007506095465142779
5.596321070234113,0.0,0.002342110081874142,0.0001309852820664283,0.004056972983609737,0.0002690440215619873,0.005292372320614205,0.0003854513011025075,0.006152783304518091,0.0004770542179504319,0.006762387880243352,0.000546944932405588,0.007177448836680928,0.0005994429534643546,0.007463914232827576
5.6294314381270905,0.0,0.0023283346007604575,0.00012939046893320922,0.004033621742736553,0.00026579805505810004,0.005262276335186443,0.0003808245310982683,0.006118046761513776,0.00047134564743923983,0.006724394692876455,0.000540413250822818,0.00713725568117938,0.0005922941365853026,0.007422203245647085
5.662541806020067,0.0,0.002314720217352786,0.00012782453662734837,0.0040105374231884415,0.0002626103022852713,0.005232520060525886,0.00037628028929244725,0.0060836993833475505,0.0004657385638901286,0.00668682502748255,0.00053399743806715,0.007097509077021146,0.0005852719497027685,0.007380954703845072
5.695652173913043,0.0,0.002301264122137406,0.00012628679358194037,0.003987715480488853,0.0002594793835323907,0.0052030977882863896,0.000371816630911727,0.006049734681175189,0.000460230584183796,0.0066496718587886455,0.0005276947795760636,0.007058201642100713,0.0005783734307975288,0.007340160978755112
5.72876254180602,0.0,0.0022879635705528646,0.00012477656876121887,0.003965151472598677,0.0002564039596081772,0.005174003937048735,0.0003674316679525673,0.006016146309281078,0.00045481939450771217,0.006612928315657472,0.000521502639540157,0.007019326155716432,0.0005715957036393802,0.007299814608147755
5.7618729096989965,0.0,0.0022748158811237533,0.00012329321093500163,0.003942841057050238,0.00025338273042541364,0.005145233048819534,0.0003631235672102486,0.005982928061162868,0.0004495027479593236,0.006576587676894219,0.0005154184581867034,0.006980875554195047,0.0005649359748332989,0.007259908291728502
5.794983277591973,0.0,0.0022618184336584534,0.00012183608798281364,0.003920779988176826,0.0002504144336424056,0.005116779785645139,0.00035889054838704937,0.005950073865743635,0.0004442784622450898,0.006540643367189051,0.0005094397491715073,0.006942842926657363,0.0005583915309829782,0.0072204348867805105
5.82809364548495,0.0,0.002248968667508322,0.00012040458622630985,0.003898964114434092,0.00024749784335904217,0.00508863892633619,0.0003547308822759599,0.005917577783706741,0.000439144417471019,0.0065050889531903175,0.0005035640970742086,0.006905221510919793,0.0005519597359668194,0.0071813874039469705
5.861204013377926,0.0,0.0022362640798858787,0.00011899810978869394,0.0038773893758097663,0.00024463176886497183,0.005060805363298603,0.00035064288901651207,0.00588543400394882,0.0004340985540205764,0.006469918139703625,0.0004977891549923679,0.006868004689526862,0.0005456380283210326,0.007142759003147838
5.894314381270903,0.0,0.0022237022242396743,0.00011761607997989355,0.0038560518013183304,0.00024181505343753168,0.005033274099467002,0.00034662493641948115,0.005853636840146448,0.00042913887051605027,0.006435124766012022,0.0004921126422299144,0.006831185985909636,0.00053942391872528,0.007104542989625988
5.92742474916388,0.0,0.0022112807086836325,0.00011625793470631928,0.0038349475065774146,0.00023904657318718974,0.005006040245336773,0.0003426754383573807,0.005822180727432306,0.0004242634218596627,0.006400702802312921,0.00048653234207578894,0.006794759060665594,0.000533314987586174,0.007066732810117992
5.960535117056856,0.0,0.0021989971944787355,0.00011492312790409099,0.003814072691462828,0.0002363252359483711,0.0049790990160910225,0.00033879285321781886,0.005791060219176772,0.00041947031735088366,0.006366646346267408,0.0004810460996687606,0.0067587177079554694,0.0005273088827144366,0.007029322049145135
5.993645484949833,0.0,0.0021868493945650363,0.00011361112899467381,0.003793423637839268,0.00023364998021364446,0.0049524457288189815,0.00033497568241693497,0.005760269983871086,0.00041475771887659353,0.006332949619657838,0.0004756518199446622,0.006723055852012737,0.0005214033170914834,0.006992304425420011
6.026755852842809,0.0,0.0021748350721420653,0.00011232142236191977,0.0037729967073638895,0.00023101977410935017,0.004926075799822454,0.0003312224689702731,0.005729804802108372,0.0004101238391708994,0.006299606965149844,0.0004703474656624177,0.006687767543761756,0.0005155960667216338,0.006955673788364946
6.059866220735786,0.0,0.002162952039295768,0.00011105350684955763,0.003752788339359993,0.00022843361441083834,0.0048999847420070795,0.00032753179611857275,0.005699659563658962,0.0004055669401415682,0.006266612843154902,0.00046513105550544706,0.0066528469575406176,0.0005098849685661769,0.006919424114737713
6.092976588628763,0.0,0.002151198155670217,0.00010980689527822738,0.003732795048758273,0.00022589052559558552,0.00487416816235532,0.0003239022860060902,0.005669829264636592,0.00040108533126018137,0.006233961828789884,0.00046000066225517606,0.006618288387924922,0.0005042679185557467,0.006883549505361217
6.126086956521739,0.0,0.0021395713271824,0.00010858111398119415,0.003713013424103122,0.0002233895589325342,0.004848621759478231,0.0003203325984091702,0.00564030900475224,0.0003966773680132694,0.006201648608930131,0.0004549544110335634,0.006584086246648941,0.0004987428696777029,0.006848044181953052
6.159197324414715,0.0,0.0021280695047784545,0.0001073757023579234,0.0036934401256215952,0.0002209297916060851,0.004823341321243124,0.0003168214295129023,0.005611093984652422,0.00039234145041180057,0.006169667979352688,0.00044999047761166923,0.006550235059620633,0.0004933078301352584,0.006812902484051608
6.1923076923076925,0.0,0.002116690683229815,0.00010619021244473723,0.0036740718833527834,0.00021851032587324673,0.004798322722474435,0.0003133675107338028,0.005582179503338968,0.00038807602155653575,0.006138014841966515,0.0004451070867814771,0.0065167294640272565,0.00048796086157529365,0.006778118866035265
6.225418060200669,0.0,0.0021054328999677674,0.00010502420850181093,0.0036549054953353755,0.0002161302882525198,0.004773561922725167,0.00030996960758655686,0.005553560955667381,0.0003838795662568773,0.006106684202126643,0.00044030251078825826,0.0064835642055284205,0.0004827000773820123,0.006743687894231418
6.258528428093645,0.0,0.0020942942339550056,0.000103877266615803,0.003635937825851327,0.00021378882874315957,0.004749054964116392,0.0003066265185929507,0.005525233829921007,0.0003797506097009426,0.006075671166029276,0.0004355750678209563,0.006450734135533431,0.0004775236410336098,0.006709604244112085
6.291638795986622,0.0,0.0020832728045928144,0.00010274897431744834,0.003617165803723622,0.00021148512007352735,0.0047247979692424166,0.00030333707423121567,0.005497193705458342,0.0003756877161747211,0.00604497093818502,0.00043092312055813557,0.006418234208560029,0.00047242976451933566,0.006675862697573418
6.3247491638795985,0.0,0.0020723667706625784,0.00010163893021347452,0.003598586420666184,0.00020921835697730097,0.0047007871391392874,0.0003001001359240834,0.005469436250430952,0.0003716894878282491,0.006014578818967601,0.00042634507476719256,0.006386059479671802,0.0004674167068144527,0.006642458140295809
6.357859531772575,0.0,0.0020615743293003696,0.00010054674363223262,0.003580196729684106,0.00020698775549637336,0.00467701875131442,0.0002969145950639377,0.005441957219569517,0.0003677545634868521,0.005984490202235327,0.00042183937795459836,0.006354205101991372,0.0004624827724106494,0.006609385559182037
6.390969899665552,0.0,0.0020508937150034027,9.94720342824622e-05,0.003561993843522392,0.00020479255230932233,0.004653489157835229,0.0002937793720735174,0.0054147524520356625,0.00036388161750558565,0.00595470057302293,0.00041740451806508336,0.0063226663242869335,0.0004576263098996839,0.006576640039870863
6.424080267558528,0.0,0.002040323198667223,9.841443192463912e-05,0.0035439749331615377,0.00020263200408438903,0.004630194783474701,0.0002906934155007047,0.00538781786933732,0.00036006935866509613,0.005925205505301279,0.0004130390222277447,0.006291438488629538,0.0004528457106079773,0.0065442167643232066
6.457190635451505,0.0,0.0020298610866525102,9.737357605437802e-05,0.0035261372263582762,0.00020050538685594763,0.004607132123911941,0.00028765570114599044,0.005361149473305405,0.0003563165291072019,0.005896000659802684,0.00040874145554714954,0.006260517028118751,0.00044813940728021667,0.00651211100847888
6.490301003344482,0.0,0.0020195057198804504,9.634911559738905e-05,0.0035084780062299486,0.00019841199542350172,0.004584297743985835,0.0002846652312212829,0.00533474334412979,0.0003526219033085745,0.005867081781909611,0.00040451041993761833,0.006229897464674418,0.0004435058728097892,0.006480318139981028
6.523411371237458,0.0,0.002009255472955653,9.534070861550891e-05,0.0034909946098809572,0.00019635114277228097,0.00456168827599995,0.00028172103353878034,0.005308595638452453,0.0003489842870909718,0.005838444699604542,0.0004003445529989259,0.0061995754068921525,0.0004389436190143791,0.006448833615966309
6.556521739130435,0.0,0.0019991087533156506,9.434802202335135e-05,0.0034736844270698785,0.0001943221595145604,0.004539300418077001,0.00027882216072869004,0.0052827025875160005,0.0003454025166665527,0.005810085321479107,0.00039624252693176097,0.0061695465479606445,0.0004344511954546775,0.0064176529809185714
6.589632107023411,0.0,0.0019890640004060307,9.337073131514018e-05,0.0034565448989158252,0.00019232439335085835,0.004517130932561161,0.00027596768948462896,0.005257060495365604,0.0003418754577168545,0.005781999634800338,0.00039220304749134087,0.0061398066636385975,0.000430027188294681,0.006386771864583871
6.622742474916388,0.0,0.001979119684880316,9.240852030130986e-05,0.003439573516642707,0.00019035720855021168,0.004495176644466593,0.00027315671983559357,0.005231665737102582,0.00033840200450408993,0.005754183703632228,0.00038822485297766707,0.006110351610289228,0.0004256702192017733,0.006356185979944691
6.655852842809365,0.0,0.0019692743078237283,9.14610808544783e-05,0.003422767820360133,0.0001884199854487634,0.004473434439970701,0.00027038837444344304,0.005206514757187972,0.000334981079013483,0.005726633667010765,0.00038430671326095746,0.006081177322970651,0.0004213789442851085,0.00632589112125168
6.688963210702341,0.0,0.001959526400000001,9.052811266441131e-05,0.003406125397879688,0.00018651211996592706,0.00445190126495056,0.00026766179792487264,0.0051816040677943416,0.00033161163012540367,0.005699345737170649,0.0003804474288408821,0.00605227981358011,0.0004171520530707286,0.006295883162110757
6.722073578595317,0.0,0.0019498745211204548,8.960932300161877e-05,0.003389643883565398,0.0001846330231374315,0.004430574123561108,0.00026497615619691683,0.005156930247204312,0.00032829263281613537,0.005672316197821992,0.0003766458299382452,0.0060236551690504144,0.00041298826751200624,0.006266158053623935
6.755183946488295,0.0,0.0019403172591345686,8.870442648923657e-05,0.0033733209572172516,0.0001827821206645757,0.00440945007685372,0.00026233063584505,0.005132489938254234,0.0003250230873861454,0.005645541402475404,0.0003729007756178678,0.0059952995495968124,0.000408886341033999,0.006236711822582066
6.788294314381271,0.0,0.0019308532295413126,8.781314488286584e-05,0.0033571543429866666,0.00018095885247905758,0.004388526241433843,0.0002597244435130037,0.0051082798468215585,0.000321802018714792,0.0056190177728138585,0.00036921115294145316,0.005967209187012687,0.0004048450576104495,0.006207540569707784
6.821404682274247,0.0,0.0019214810747205343,8.693520685805169e-05,0.003341141808322831,0.00017916267232276182,0.004367799788156379,0.00025715680531344817,0.005084296740354454,0.00031862847554043033,0.0055927417971098434,0.0003655758761492513,0.005939380383012552,0.0004008632308720979,0.006178640467947097
6.854515050167224,0.0,0.0019121994632837285,8.607034780510364e-05,0.0033252811629489254,0.00017739304734192755,0.004347267940857631,0.0002546269662587352,0.005060537446442333,0.0003155015297649467,0.005566710028686313,0.000361993885869437,0.00591180950762073,0.0003969397032451499,0.006150007760808088
6.887625418060201,0.0,0.0019030070894435283,8.521830963096721e-05,0.003309570257867215,0.00017564945769513415,0.00432692797512258,0.00025213418971092123,0.005036998851425936,0.0003124202757817697,0.005540919084420056,0.0003584641483541261,0.005884492997604286,0.0003930733451187479,0.006121638760745127
6.920735785953177,0.0,0.001893902672401296,8.437884056787286e-05,0.003294006984392087,0.00017393139617457245,0.004306777217086387,0.0002496777568503329,0.0050136778990457305,0.0003093838298264676,0.005515365643286147,0.0003549856547410054,0.0058574273549489,0.00038926305404028694,0.0060935298475871345
6.953846153846154,0.0,0.0018848849557522133,8.355169498849857e-05,0.0032785892732101127,0.00017223836784008997,0.0042868130422689926,0.00024725696616196516,0.004990571589127394,0.00030639132934906575,0.00549004644494208,0.00035155742033960997,0.005830609145376157,0.0003855077539375705,0.0060656774670087114
6.98695652173913,0.0,0.0018759527069072816,8.273663322739392e-05,0.0032633150934662626,0.00017056988966552086,0.004267032874441766,0.00024487113293903177,0.004967676976303188,0.00030344193240725736,0.005464958288350477,0.0003481784839413174,0.005804034996901094,0.00038180639436678304,0.006038078129042532
7.020066889632107,0.0,0.0018671047165316826,8.193342140842571e-05,0.00324818245187543,0.0001689254901968325,0.004247434184525186,0.0002425195888030182,0.004944991168768108,0.00030053481707972797,0.005440098030439014,0.00034484790715215424,0.005777701598428588,0.000378157949785264,0.006010728406631819
7.053177257525084,0.0,0.0018583397979989576,8.114183127801345e-05,0.003233189391858445,0.0001673047092216409,0.004228014489516557,0.00024020168123961596,0.00492251132706969,0.0002976691808988247,0.005415462584796493,0.00034156477374755885,0.005751605698387581,0.0003745614188482153,0.005983624934221672
7.08628762541806,0.0,0.0018496567868604879,8.036164004393468e-05,0.003218333992701803,0.00016570709744966438,0.004208771351446812,0.00023791677314993843,0.004900234662930434,0.00029484424030185486,0.005391048920403855,0.00033832818904829887,0.005725744103401712,0.0003710158237283949,0.0059567644063879925
7.119397993311037,0.0,0.0018410545403297796,7.95926302194887e-05,0.0032036143687403477,0.0001641322162037063,0.004189702376365506,0.00023566424241645094,0.004878158438101833,0.00029205923010031684,0.0053668540603991465,0.0003351372793167341,0.005700113676995449,0.0003675202094579999,0.005930143576502859
7.1525083612040135,0.0,0.0018325319367810725,7.883458947281608e-05,0.0031890286685621813,0.000162579637120771,0.00417080521335308,0.00023344348148306352,0.004856279963248983,0.00028931340296639596,0.005342875080875263,0.0003319911911726751,0.005674711338334462,0.00036407364329184505,0.005903759255435233
7.18561872909699,0.0,0.0018240878752618117,7.808731048118106e-05,0.003174575074235105,0.00016104894186293729,0.004152077553559595,0.00023125389694886515,0.0048345965968648865,0.0002866060289360939,0.005319109109709564,0.00032888909102814077,0.005649534060999313,0.00036067521409114496,0.0058776083102859205
7.218729096989967,0.0,0.001815721275018533,7.735059079002975e-05,0.0031602518005539046,0.00015953972183762626,0.004133517129269062,0.00022909490917499367,0.004813105744213479,0.0002839363949283703,0.005295553325424337,0.00032583016454027506,0.005624578871791322,0.0003573240317270391,0.005851687663155709
7.251839464882943,0.0,0.001807431075035743,7.662423267664777e-05,0.003146057094307838,0.00015805157792691838,0.004115121712988611,0.00022696595190416124,0.004791804856300537,0.000281303804279723,0.005272204956077158,0.00032281361608181005,0.00559984284956971,0.00035401922650324754,0.005825994289945679
7.2849498327759195,0.0,0.0017992162335873666,7.590804301824582e-05,0.0031319892335676947,0.0001565841202255857,0.004096889116561732,0.00022486647189237058,0.004770691428871586,0.000278707576293631,0.00524906127818027,0.0003198386682284007,0.005575323124119101,0.0003507599485970778,0.005800525219188753
7.318060200668897,0.0,0.0017910757278003756,7.520183316431009e-05,0.003118046526991809,0.00015513696778752175,0.004078817190304823,0.00022279592855238063,0.004749763001436004,0.0002761470458043325,0.005226119615648055,0.00031690456126223516,0.00555101687504632,0.00034754536751815913,0.005775277530911565
7.351170568561873,0.0,0.0017830085532302101,7.450541881306126e-05,0.0031042273131504624,0.00015370974838026298,0.004060903822166377,0.00022075379360849437,0.004729017156316515,0.00027362156275441467,0.005203377338771813,0.0003140105526913329,0.005526921330705727,0.0003443746715842756,0.005750248355525507
7.384280936454849,0.0,0.0017750137234476208,7.381861989187109e-05,0.0030905299598680894,0.00015230209824730858,0.00404314693690808,0.00021873955076226213,0.004708451517723334,0.00027113049178571763,0.005180831863220974,0.00031115591678397477,0.005503033767152288,0.000341247067413646,0.0057254348727465
7.417391304347826,0.0,0.0017670902696365776,7.314126044149322e-05,0.003076952863582754,0.00015091366187795684,0.004025544495307178,0.000216752695368706,0.004688063750852163,0.00026867321184308076,0.00515848064906996,0.00030833994411770543,0.0054793515071213505,0.00033816177943311046,0.00570083431054224
7.450501672240803,0.0,0.0017592372402029008,7.247316850396956e-05,0.003063494448722371,0.00014954409178438865,0.004008094493379472,0.00021479273412269192,0.004667851561005401,0.0002662491157904678,0.005136321199849975,0.0003055619411424063,0.005455871919034477,0.00033511804940161016,0.005676443944106274
7.483612040133779,0.0,0.0017514537003932794,7.181417601407979e-05,0.0030501531670971537,0.00014819304828573866,0.003990794961622314,0.0002128591847550866,0.00464781269273581,0.00026385761003903723,0.005114351061624922,0.00030282122975693683,0.00543259241603062,0.0003321151359484667,0.005652261094858138
7.516722408026756,0.0,0.0017437387319243613,7.116411869420682e-05,0.0030369274973078147,0.0001468601992989054,0.00397364396427701,0.00021095157573835347,0.0046279449290120124,0.0002614981141867322,0.00509256782209079,0.00030011714689886707,0.0054095104550217175,0.00032915231412591824,0.0056282831294687625
7.549832775919732,0.0,0.0017360914326216008,7.052283595249588e-05,0.0030238159441690277,0.0001455452201358611,0.003956639598610055,0.00020906944600125347,0.004608246090405145,0.0002591700606689856,0.005070969109697763,0.00029744904414683265,0.005386623535772096,0.00032622887497538085,0.005604507458910325
7.582943143812709,0.0,0.00172851091606757,6.989017078419009e-05,0.0030108170381477053,0.00014424779330723242,0.003939779994212648,0.00020721234465233233,0.00458871403429609,0.00025687289442015155,0.005049552592794457,0.0002948162873350869,0.005363929200001031,0.00032334412510703724,0.005580931537529959
7.616053511705686,0.0,0.0017209963112594423,6.92659696760299e-05,0.00299792933481565,0.00014296760833193097,0.0039230633123179225,0.0002053798307118861,0.004569346654102612,0.00025460607254528884,0.005028315978793559,0.00029221825617980487,0.005341425030507681,0.0003204973862921981,0.005557552862146559
7.649163879598662,0.0,0.0017135467622753713,6.865008251360814e-05,0.0029851514143161445,0.00014170436155262235,0.003906487745135405,0.00020357147285210919,0.004550141878525892,0.0002523690640019367,0.005007257013358313,0.00028965434391675605,0.005319108650317804,0.00031768799506805935,0.005534368971170027
7.682274247491639,0.0,0.0017061614279495,6.804236249157728e-05,0.002972481880844079,0.00014045775595683058,0.0038900515152021815,0.00020178684914514265,0.004531097670815855,0.00025016134929153796,0.00498637347960922,0.00028712395694993246,0.005296977721851653,0.00031491530235438115,0.005511377443742347
7.7153846153846155,0.0,0.0016988394815553348,6.744266602660837e-05,0.0029599193621392076,0.00013922750100348128,0.0038737528747502755,0.00020002554681874845,0.004512212028054733,0.0002479824201601767,0.0049656631973503335,0.0002846265145107687,0.005275029946112342,0.0003121786730817428,0.00548857589889966
7.748494983277592,0.0,0.0016915801104972383,6.685085267300661e-05,0.002947462508992154,0.0001380133124546972,0.003857590105089791,0.0001982871620193482,0.004493482980458397,0.0002458317793083116,0.00494512402231471,0.00028216144832758476,0.005253263061894313,0.0003094774858308941,0.005465961994755234
7.781605351170569,0.0,0.0016843825160098,6.626678504089083e-05,0.002935109994762794,0.0001368149122126642,0.0038415615160073417,0.0001965712995821741,0.004474908590694875,0.0002437089401091964,0.004924753845428275,0.0002797282023049046,0.005231674845010961,0.00030681113248289015,0.0054435334277020304
7.814715719063545,0.0,0.0016772459128648472,6.569032871684846e-05,0.0029228605149106512,0.00013563202816139447,0.003825665445179341,0.00019487757280828928,0.004456486953219611,0.00024161342633569568,0.004904550592091782,0.00027732623221231854,0.00521026310754131,0.00030417901787963155,0.005421287931634944
7.8478260869565215,0.0,0.0016701695290858734,6.512135218698121e-05,0.0029107127865369677,0.00013446439401322018,0.0038099002575997243,0.00019320560324824482,0.0044382161936269895,0.00023954477189520643,0.004884512221480202,0.0002749550053825615,0.005189025697094865,0.0003015805594944264,0.005399223277191849
7.880936454849499,0.0,0.001663152605669666,6.455972676225898e-05,0.0028986655479380937,0.00013331174915985635,0.0037942643450216834,0.00019155502049214842,0.004420094468017625,0.00023750252057241756,0.004864636725859102,0.00027261400041850466,0.005167960496094245,0.000299015187112285,0.005377337271012852
7.914046822742475,0.0,0.0016561943963149229,6.400532650610391e-05,0.002886717558169898,0.000132173838527879,0.003778756125413029,0.00018992546196592978,0.004402119962381023,0.0002354862257796397,0.0048449221299176025,0.0002703027069087525,0.005147065421075191,0.0002964823425195842,0.005355627755017585
7.947157190635451,0.0,0.0016492941671576475,6.345802816412824e-05,0.002874867596622854,0.00013105041243846873,0.0037633740424247793,0.00018831657273359298,0.004384290891993132,0.00023349545031445428,0.004825366490117304,0.00026802062515156056,0.005126338422003296,0.0002939814792027968,0.005334092605699606
7.980267558528428,0.0,0.0016424511965131396,6.291771109595382e-05,0.002863114462607524,0.0001299412264712785,0.0037481165648726154,0.00018672800530525864,0.004366605500828406,0.00023152976612443894,0.0048059678940568585,0.00026576726588680983,0.00510577748160706,0.0002915120620560265,0.005312729733437754
8.013377926421406,0.0,0.0016356647746243746,6.238425720904243e-05,0.0028514569749501285,0.0001288460413322857,0.003732982186230835,0.00018515941945080062,0.0043490620609859445,0.00022958875407873205,0.004786724459851712,0.0002635421500357454,0.00508538061472688,0.00028907356709695435,0.005291537081823835
8.046488294314381,0.0,0.0016289342034166018,6.185755089447027e-05,0.0028398939715979276,0.00012776462272549776,0.0037179694241384577,0.00018361048201889424,0.004331658872129349,0.00022767200374621268,0.0047676343355285864,0.0002613448084482532,0.005065145867679486,0.0002866654811910661,0.005270512627006333
8.079598662207358,0.0,0.001622258796257969,6.133747896458094e-05,0.0028284243092341205,0.00012669674122838223,0.003703076819917131,0.00018208086676129503,0.00431439426093987,0.0002257791131800764,0.004748695698434309,0.0002591747816573968,0.005045071317637298,0.0002842873017837463,0.0052496543770493625
8.112709030100335,0.0,0.0016156378777260178,6.082393059245493e-05,0.002817046862902025,0.00012564217217089934,0.0036883029381005413,0.00018057025416217884,0.004297266580582535,0.00022390968870860038,0.004729906754658574,0.0002570316196410109,0.005025155072022535,0.0002819385366400667,0.005228960371307002
8.14581939799331,0.0,0.0016090707833798662,6.0316797253135454e-05,0.0028057605256382482,0.0001246006955180185,0.0036736463659749695,0.00017907833127237582,0.0042802742101848545,0.00022206334473189173,0.004711265738470296,0.00025491488159008345,0.0050053952679153585,0.0002796187035920228,0.005208428679811948
8.178929765886288,0.0,0.0016025568595379276,5.9815972666552074e-05,0.002794564208114611,0.00012357209575560374,0.003659105713130712,0.0001776047915483388,0.004263415554327781,0.00022023970352442733,0.004692770911767137,0.00025282413568374356,0.004985790071476005,0.0002773273302929093,0.005188057402678729
8.212040133779265,0.0,0.0015960954630610089,5.932135274208752e-05,0.002783456838288594,0.00012255616177956014,0.003644679611024071,0.00017614933469569397,0.004246689042548584,0.00021843839504319816,0.004674420563537879,0.0002507589588706099,0.004966337677380263,0.0002750639539786635,0.005167844669520546
8.24515050167224,0.0,0.0015896859611406328,5.883283552473266e-05,0.0027724373610620526,0.00012155268678813342,0.0036303667125496056,0.00017471166651722387,0.0042300931288553265,0.00021665905674127462,0.0046562130093372985,0.0002487189366563174,0.004947036308268013,0.0002728281212359516,0.005147788638879713
8.278260869565218,0.0,0.0015833277310924377,5.835032114277853e-05,0.002761504737947976,0.0001205614681772616,0.0036161656916223763,0.00017329149876514052,0.004213626291252597,0.0002149013333866208,0.0046381465907731545,0.0002467036628970127,0.004927884214204605,0.0002706193877767428,0.005127887497671232
8.311371237458195,0.0,0.0015770201601545215,5.7873711756995735e-05,0.0027506579467450843,0.00011958230743888093,0.0036020752427699167,0.00017188854899751214,0.004197287031278253,0.0002131648768859904,0.004620219675005058,0.00024471273959863083,0.004908879672154493,0.00026843731821919427,0.005108139460639112
8.34448160535117,0.0,0.0015707626452905819,5.740291151125261e-05,0.0027398959812200358,0.00011861501006209026,0.00358809408073366,0.00017050254043870914,0.0041810738735508,0.0002114493461137398,0.004602430654254813,0.00024274577672176958,0.004890020985467058,0.00026628148587463663,0.005088542769825124
8.377591973244147,0.0,0.0015645545929977253,5.693782648452601e-05,0.0027292178507970387,0.00011765938543708281,0.003574220940079568,0.00016913320184374232,0.004164985365327203,0.00020975440674540392,0.004584777945327966,0.00024080239199198027,0.004871306483374034,0.000264151472540494,0.0050690956940497005
8.410702341137124,0.0,0.001558395419118817,5.6478364644260333e-05,0.0027186225802546754,0.00011671524676175787,0.003560454574817719,0.00016778026736636974,0.004149020076070786,0.0002080797310958852,0.004567259989146271,0.0002388822107153145,0.004852734520498499,0.0002620468682988717,0.005049796528404588
8.4438127090301,0.0,0.0015522845486592475,5.602443580103147e-05,0.002708109209429741,0.00011578241095092708,0.003546793758030619,0.00016644347643085408,0.00413317659702901,0.0002064249979621078,0.004549875250290775,0.00023698486559894732,0.004834303476374864,0.0002599672713207593,0.005030643593756974
8.476923076923077,0.0,0.0015462214156079864,5.557595156447375e-05,0.002697676792927894,0.00011486069854803216,0.0035332372815099857,0.00016512257360725297,0.004117453540820801,0.00020478989246999855,0.004532622216555222,0.00023510999657672617,0.004816011754979804,0.00025791228767554767,0.005011635236264834
8.510033444816054,0.0,0.0015402054627628224,5.513282530043106e-05,0.0026873243998409638,0.00011394993363929768,0.003519783955401806,0.00016381730849013588,0.0041018495410332385,0.00020317410592566036,0.004515499398509532,0.00023325725063949487,0.004797857784273638,0.0002558815311457652,0.0049927698269030835
8.54314381270903,0.0,0.0015342361415596627,5.469497208929213e-05,0.002677051113470717,0.0001130499437702401,0.0035064326078594332,0.00016252743558061654,0.004086363251827336,0.0002015773356706052,0.0044985053290730985,0.00023142628167003576,0.004779840015752062,0.0002538746230468786,0.004974045761000418
8.576254180602007,0.0,0.001528312911905784,5.426230868547344e-05,0.002666856031058912,0.00011216055986446041,0.0034931820847045095,0.0001612527141715997,0.004070993347552653,0.0001999992849409218,0.004481638563097605,0.00022961675028249036,0.004761956924007847,0.0002518911920519386,0.004955461457786399
8.609364548494984,0.0,0.001522435242016938,5.3834753478013896e-05,0.0026567382635234874,0.00011128161614464992,0.0034800312490955248,0.00015999290823614335,0.004055738522370547,0.00019843966273025827,0.004464897676959147,0.00022782832366612717,0.004744207006302289,0.00024993087402099787,0.004937015359948634
8.64247491638796,0.0,0.0015166026082581953,5.341222645224638e-05,0.0026466969352007133,0.00011041295005573988,0.0034669789812037913,0.0001587477863188385,0.0040405974898858115,0.00019689818365649863,0.0044482812681594505,0.0002260606754333105,0.004726588782146176,0.00024799331183509763,0.00491870593319977
8.675585284280936,0.0,0.0015108144949884355,5.299464915251238e-05,0.0026367311835931444,0.00010955440219012863,0.0034540241778966583,0.00015751712143011442,0.0040255689827864965,0.00019537456783202262,0.004431787954935841,0.0002243134854715505,0.00470910079288996,0.00024607815523469933,0.004900531665854017
8.708695652173914,0.0,0.001505070394408388,5.25819446458882e-05,0.0026268401591232424,0.00010870581621492354,0.0034411657524277754,0.0001563006909433814,0.004010651752491705,0.00019386854073743994,0.004415416375879888,0.00022258643979951098,0.004691741601323,0.0002441850606624593,0.004882491068412899
8.741806020066889,0.0,0.001499369806412121,5.2174037486890896e-05,0.002617023024892494,0.0001078670388011346,0.00342840263413421,0.00015509827649492147,0.003995844568807137,0.0001923798330986898,0.004399165189564368,0.00022087923042684516,0.00467450979128153,0.00024231369111014784,0.004864582673160237
8.774916387959866,0.0,0.0014937122384418957,5.1770853683133896e-05,0.0026072789564459027,0.00010703791955476107,0.0034157337681402617,0.00015390966388644572,0.0039811462195882205,0.00019090818076740712,0.004383033074178434,0.00021919155521775657,0.004657403967265257,0.0002404637159696531,0.004846805033765839
8.808026755852843,0.0,0.0014880972053462947,5.137232066190351e-05,0.0025976071415417063,0.00010621831094971329,0.003403158115067788,0.0001527346429902371,0.003966555510410592,0.00018945332460445496,0.004367018727170703,0.0002175231177581603,0.004640422754062212,0.00023863481088790795,0.004829156724897738
8.841137123745819,0.0,0.0014825242292415366,5.0978367237628245e-05,0.002588006779926184,0.00010540806826251424,0.0033906746507528797,0.00015157300765680039,0.003952071264247785,0.00018801501036652923,0.004351120864900144,0.00021587362722634717,0.004623564796381828,0.00023682665762562882,0.004811636341843026
8.874247491638796,0.0,0.001476992839375896,5.05889235802133e-05,0.002578477083113426,0.00010460704950872688,0.0033782823659687248,0.00015042455562494362,0.003937692321155898,0.00018659298859574104,0.0043353382222944764,0.00021424279826703582,0.004606828758495863,0.00023503894391977226,0.004794242500136729
8.907357859531773,0.0,0.001471502571997147,5.020392118421477e-05,0.002569017274169942,0.00010381511538105567,0.003365980266154505,0.0001492890884342193,0.0039234175379651145,0.00018518701451209076,0.0043196695525159765,0.00021263035086871952,0.004590213323887138,0.0002332713633495599,0.004776973835198665
8.940468227424748,0.0,0.0014660529702229545,4.982329283882777e-05,0.002559626587503971,0.00010303212918907214,0.0033537673711501654,0.0001481664113396539,0.003909245787977855,0.00018379684790874597,0.004304113626634457,0.0002110360102442092,0.004573717194905716,0.00023152361520601116,0.004759829001978118
8.973578595317726,0.0,0.00146064358391413,4.944697259866397e-05,0.002550304268659394,0.00010225795680051556,0.0033416427149369206,0.00014705633322869814,0.0038951759606734274,0.00018242225305004049,0.0042886692333072305,0.00020945950671427238,0.0045573390924324745,0.00022979540436484494,0.004742806674606025
9.006688963210703,0.0,0.0014552739695506875,4.907489575529539e-05,0.0025410495741141114,0.0001014924665841227,0.0033296053453833407,0.00014595866654033208,0.003881206961419004,0.000181062998572114,0.004273335178465945,0.00020790057559427755,0.004541077755549878,0.0002280864411626642,0.004725905546054758
9.039799331103678,0.0,0.0014499436901106227,4.870699880954119e-05,0.0025318617710827916,0.0001007355293539408,0.003317654323996893,0.0001448732271862621,0.0038673377111867707,0.00017971885738611527,0.004258110285010044,0.00020635895708376927,0.004524931941219698,0.00022639644127633404,0.00470912432780481
9.072909698996655,0.0,0.0014446523149513424,4.834321944447532e-05,0.002522740137323865,9.998701831507979e-05,0.003305788725680786,0.00014379983447414642,0.003853567146277079,0.00017838960658389153,0.004242993392506747,0.00020483439615886272,0.004508900423967524,0.00022472512560543995,0.0046924617495187814
9.106020066889633,0.0,0.001439399419693687,4.798349649913423e-05,0.002513683960950668,9.924680901086258e-05,0.003294007638495997,0.000142738311032793,0.003839894218047476,0.0001770750273460957,0.004227983356897356,0.00020332664246740204,0.004492981995573986,0.00022307222015776183,0.004675916558722138
9.139130434782608,0.0,0.001434184586108469,4.762776994290334e-05,0.0025046925402466315,9.851477927133083e-05,0.0032823101634283517,0.0001416884827392684,0.0038263178926474586,0.00017577490485263576,0.004213079050209745,0.00020183545022678338,0.004477175464772403,0.00022143745593766002,0.004659487520490568
9.172240802675585,0.0,0.0014290074020054703,4.727598085056272e-05,0.0024957651834844018,9.779080916306785e-05,0.0032706954141605254,0.0001406501786478649,0.0038128371507588008,0.00017448902819540212,0.0041982793602768865,0.00020036057812437168,0.004461479656952828,0.0002198205688372805,0.004643173417144093
9.205351170568562,0.0,0.0014238674611248372,4.6928071377972735e-05,0.0024869012087488217,9.70747809403002e-05,0.0032591625168488583,0.00013962323092087106,0.0037994509873413343,0.00017321719029320622,0.004183583190461256,0.00019890178922044166,0.004445893413872197,0.00021822129953052383,0.004626973047947359
9.23846153846154,0.0,0.0014187643630308082,4.658398473838051e-05,0.0024780999437636455,9.636657899724002e-05,0.0032477106099048484,0.000138607474761093,0.003786158411384044,0.00017195918780886518,0.004168989459384985,0.00019745885085356126,0.0044304155933705186,0.00021663939336968152,0.004610885228816151
9.271571906354515,0.0,0.0014136977130077201,4.624366517932989e-05,0.00246936072572192,9.566608982163359e-05,0.0032363388437812264,0.00013760274834607753,0.0037729584456613376,0.00017071482106837302,0.004154497100665592,0.0001960315345483516,0.004415045069092997,0.0002150746002846585,0.004594908792030149
9.304682274247492,0.0,0.0014086671219582336,4.590705796015663e-05,0.002460682901119931,9.497320194948017e-05,0.003225046380762487,0.0001366088927639864,0.0037598501264943835,0.00016948389398209717,0.0041401050626572265,0.00019461961592555707,0.004399780730217822,0.00021352667468472743,0.004579042585951464
9.33779264214047,0.0,0.0014036722063037255,4.557410933005274e-05,0.00245206582559463,9.428780592088863e-05,0.0032138323947597785,0.00013562575195107682,0.0037468325035173848,0.00016826621396794428,0.004125812308197188,0.00019322287461435918,0.0043846214811895734,0.00021199537536271536,0.004563285474748937
9.370903010033445,0.0,0.0013987125878867919,4.524476650668283e-05,0.0024435088637644537,9.360979423703851e-05,0.0032026960711100377,0.00013465317263073993,0.003733904639448666,0.00016706159187643562,0.004111617814357722,0.000191841094166867,0.004369566241458155,0.0002104804654015858,0.0045476363381282
9.404013377926422,0.0,0.0013937878938758098,4.491897765533718e-05,0.0024350113890734635,9.293906131821443e-05,0.0031916366063792757,0.0001336910042540554,0.003721065609866471,0.00016586984191764464,0.004097520572202829,0.0001904740619747267,0.004354613945222959,0.00020898171208332458,0.004532094071067159
9.437123745819399,0.0,0.0013888977566715107,4.459669186860604e-05,0.0024265727836387096,9.227550346288356e-05,0.003180653208169906,0.00013273909894181767,0.003708314502989338,0.00016469078158993597,0.004083519586550094,0.00018912156918779043,0.004339763541182354,0.0002074988868000672,0.004516657583556874
9.470234113712374,0.0,0.0013840418138155114,4.427785914656047e-05,0.002418192438100759,9.161901880778658e-05,0.003169745094932033,0.0001317973114279933,0.0036956504194609794,0.00016352423161046287,0.004069613875737332,0.00018778341063478327,0.004325013992288135,0.00020603176496741867,0.004501325800347719
9.503344481605351,0.0,0.0013792197079007574,4.396243037742473e-05,0.0024098697514772886,9.096950728901287e-05,0.0031589114957785744,0.00013086549900456835,0.0036830724721395023,0.0001623700158473676,0.004055802471393955,0.0001864593847459148,0.004310364275505063,0.0002045801259398896,0.004486097660700609
9.536454849498329,0.0,0.001374431086483833,4.365035731872753e-05,0.002401604131019706,9.032687060403379e-05,0.0031481516503041817,0.00012994352146774834,0.0036705797858909398,0.00016122796125364293,0.004042084418216994,0.00018514929347738357,0.004295813381575145,0.0002031437529284062,0.004470972118143338
9.569565217391304,0.0,0.001369675601999092,4.33415925789174e-05,0.002393394992072681,8.969101217466574e-05,0.0031374648084078077,0.0001290312410654714,0.0036581714973869246,0.00016009789780260314,0.004028458773751596,0.0001838529422377155,0.004281360314786765,0.00020172243291980682,0.004455948140231697
9.602675585284281,0.0,0.0013649529116745618,4.3036089599429905e-05,0.0023852417579365575,8.90618371109378e-05,0.003126850230118877,0.00012812852244619907,0.0036458467549064493,0.0001589796584249228,0.004014924608175944,0.00018257013981589032,0.004267004092748296,0.00020031595659831007,0.004441024708315425
9.635785953177258,0.0,0.001360262677449586,4.2733802637194e-05,0.0023771438597325516,8.843925217583897e-05,0.0031163071854269572,0.00012723523260894983,0.0036336047181415965,0.00015787307894720158,0.004001481004090474,0.00018130069831120705,0.004252743746166371,0.00019892411826886801,0.0044262008173088325
9.668896321070234,0.0,0.001355604565894155,4.2434686747564876e-05,0.0023691007362706875,8.782316575092004e-05,0.0031058349541148544,0.0001263512408545394,0.003621444558007166,0.00015677799803200812,0.003988127056311303,0.00018004443306483676,0.0042385783186285,0.00019754671578236328,0.004411475475466001
9.70200668896321,0.0,0.0013509782481298915,4.213869776767217e-05,0.0023611118339203936,8.721348780272734e-05,0.0030954328255950524,0.0001254764187379969,0.003609365456454086,0.00015569425711936855,0.003974861871667747,0.00017880116259302075,0.004224506866389963,0.00019618355046261026,0.004396847704160319
9.735117056856188,0.0,0.0013463833997526457,4.184579230017116e-05,0.002353176606483703,8.661012985004441e-05,0.003085100098749409,0.00012461064002212234,0.0035973666062865356,0.00015462170036965338,0.003961684568803855,0.00017757070852186433,0.004210528458164986,0.00019483442703509136,0.004382316537668534
9.768227424749163,0.0,0.0013418197007566686,4.155592769738674e-05,0.0023452945150710036,8.601300493192076e-05,0.0030748360817720597,0.00012375378063215613,0.0035854472109826947,0.0001535601746078317,0.003948594277983879,0.00017635289552369153,0.004196642174922005,0.00019349915355739502,0.004367881022958939
9.80133779264214,0.0,0.001337286835460316,4.12690620458386e-05,0.0023374650279792564,8.54220275764648e-05,0.00306464009201541,0.000122905718611529,0.003573606484519018,0.00015250952926904957,0.0039355901409015405,0.00017514755125490306,0.004182847109682928,0.00019217754135130547,0.004353540219483788
9.834448160535118,0.0,0.0013327844924332602,4.098515415113769e-05,0.002329687620572657,8.483711377038145e-05,0.003054511455839197,0.00012206633407866404,0.00356184365119798,0.0001514696163455001,0.003922671310493066,0.0001739545062953159,0.004169142367326348,0.00019086940493650607,0.0043392931989756686
9.867558528428093,0.0,0.0013283123644251633,4.070416352324375e-05,0.002321961775165652,8.425818092923335e-05,0.0030444495084625094,0.00012123550918480168,0.003550157945479192,0.00015044029033455046,0.003909836950753856,0.00017277359408892886,0.0041555270643946094,0.00018957456196582923,0.004325139045247954
9.90066889632107,0.0,0.0013238701482957815,4.042605036207368e-05,0.00231428698090828,8.368514786840633e-05,0.0030344535938187193,0.00012041312807282032,0.003538548611813819,0.0001494214081880887,0.003897086236558738,0.00017160465088608546,0.0041420003289045736,0.00018829283316205067,0.00431107685399904
9.933779264214047,0.0,0.0013194575449464688,4.0150775543451894e-05,0.0023066627336737677,8.311793477476048e-05,0.003024523064413251,0.00011959907683702602,0.0035270149044822285,0.00014841282926306263,0.0038844183534857244,0.0001704475156869895,0.004128561300162128,0.00018702404225614394,0.004297105732620501
9.966889632107023,0.0,0.001315074259253046,3.98783006053929e-05,0.002299088535948339,8.255646317894782e-05,0.003014657281184125,0.00011879324348388491,0.0035155560874347846,0.0001474144152731744,0.0038718324976431467,0.00016930203018654426,0.004115209128580203,0.0001857680159269946,0.004283224800008729
10.0,0.0,0.0013107200000000007,3.9608587734707295e-05,0.002291563896723183,8.200065592837924e-05,0.0030048556133652165,0.00011799551789367355,0.00350417143413573,0.00014642603024170287,0.0038593278755001607,0.0001681680387204769,0.004101942975500357,0.00018452458374250693,0.004269433186380457
